order_year,region,orders,sales,profit
2014,Central,230,103838.1646,539.5533999999997
2014,East,261,128680.457,17059.6095
2014,South,165,103845.8435,11879.12
2014,West,313,147883.033,20065.6912
2015,Central,234,102874.222,11716.802
2015,East,296,156332.057,21091.013
2015,South,170,71359.9805,8318.594
2015,West,338,139966.2495,20492.1947
2016,Central,305,147429.376,19899.1629
2016,East,374,180685.82200000001,20141.5961
2016,South,214,93610.22350000001,17702.808399999998
2016,West,422,187480.1765,24051.6069
2017,Central,406,147098.1282,7550.8442
2017,East,470,213082.904,33230.5614
2017,South,273,122905.8575,8848.9079
2017,West,538,250128.3655,43808.9561
