segment,category,avg_sales,avg_profit
Consumer,Furniture,351.34709074573226,6.281292542677448
Consumer,Office Supplies,116.39019379597057,18.014173648864727
Consumer,Technology,427.3395341745531,74.44564626708727
Corporate,Furniture,354.51979226006193,11.741200928792571
Corporate,Office Supplies,126.74530879120879,22.10292318681319
Corporate,Technology,444.85581046931406,79.72382310469314
Home Office,Furniture,336.8251312154696,10.705465193370166
Home Office,Office Supplies,115.30902131603335,24.03443892493049
Home Office,Technology,535.9766578947368,89.15245760233918
